X,y
7.49080237694725,1
19.01428612819832,1
14.639878836228101,1
11.973169683940732,1
3.1203728088487304,0
3.119890406724053,0
1.1616722433639892,0
17.323522915498703,1
12.022300234864176,1
14.161451555920909,1
0.41168988591604894,0
19.398197043239886,1
16.648852816008436,1
4.246782213565523,0
3.6364993441420124,0
3.6680901970686763,0
6.0848448591907545,0
10.495128632644757,1
8.638900372842315,1
5.824582803960839,0
12.23705789444759,1
2.7898772130408367,0
5.842892970704363,0
7.327236865873834,1
9.12139968434072,1
15.703519227860273,1
3.9934756431671947,0
10.284688768272233,1
11.84829137724085,1
0.9290082543999545,0
12.150897038028766,1
3.4104824737458306,0
1.3010318597055903,0
18.977710745066666,1
19.312640661491187,1
16.16794696232922,1
6.092275383467413,0
1.9534422801276774,0
13.684660530243137,1
8.803049874792027,1
2.4407646968955765,0
9.903538202225404,1
0.6877704223043679,0
18.186408041575643,1
5.175599632000338,0
13.25044568707964,1
6.2342215217882195,0
10.401360423556216,1
10.934205586865593,1
3.697089110510541,0
19.391692555291172,1
15.502656467222291,1
18.789978831283783,1
17.896547008552975,1
11.957999576221702,1
18.437484700462335,1
1.76985004103839,0
3.919657248382904,0
0.9045457782107613,0
6.506606615265287,0
7.773545793789641,1
5.426980635477918,0
16.57475018303859,1
7.135066533871786,1
5.618690193747615,0
10.85392166316497,1
2.818484499495253,0
16.043939615080795,1
1.4910128735954165,0
19.737738732010346,1
15.444895385933147,1
3.974313630683448,0
0.11044234247204798,0
16.309228569096682,1
14.137146876952343,1
14.580143360819747,1
15.425406933718914,1
1.4808930346818072,0
7.169314570885453,0
2.3173811905025943,0
17.26206851751187,1
12.465962536551158,1
6.617960497052984,0
1.2711670057204727,0
6.219646434313244,0
6.503666440534941,0
14.59212356676128,1
12.751149427104263,1
17.74425485152653,1
9.444298503238986,1
2.391884918766034,0
14.2648957444599,1
15.215700972337949,1
11.225543951389925,1
15.41934359909122,1
9.875911927287815,1
10.454656587639882,1
8.550820367170992,1
0.5083825348819038,0
2.157828539866089,0
0.628583713734685,0
12.728208225275608,1
6.287119621526534,0
10.171413823294056,1
18.15132947852186,1
4.985844582977499,0
8.207658460712594,1
15.111022770860973,1
4.575963309832449,0
1.5395981965758598,0
5.795029058275361,0
3.2244257450800884,0
18.59395304685146,1
16.16240759128834,1
12.66807513020847,1
17.429211803754356,1
16.07344153798229,1
3.7314011777207168,0
17.851179969799556,1
10.786844838313014,1
16.14880310328125,1
17.921825998469863,1
6.3600694994372775,0
2.201038490553535,0
4.558703250838834,0
8.542155772525126,1
16.36029531844986,1
17.214611665126867,1
0.13904261062381407,0
10.214946051551316,1
8.34822006297558,1
4.442156209414605,0
2.397307346673656,0
6.752303428072559,0
18.858194078250385,1
6.464058640415105,0
10.375812434867322,1
14.060379177903556,1
7.27259204758588,1
19.435641654419214,1
19.248945898842223,1
5.035645916507283,0
9.94497011784771,1
6.017566196335393,0
5.696809887549352,0
0.7377389470906559,0
12.191286679597937,1
10.05358046457723,1
1.029575024999787,0
5.572929284732229,0
18.165317719333075,1
4.791237813339448,0
2.897897441824462,0
9.78905520555126,1
19.713009082212015,1
4.841105430230009,0
13.442710948117572,1
15.23239230657435,1
4.752750879847993,0
14.564326972237192,1
7.355662654385064,1
12.646116611871589,1
12.670594215217895,1
10.71549368149517,1
1.805795401088166,0
16.70604991178476,1
6.415601299434717,0
3.7303702079970846,0
0.8155028310952783,0
11.817858863764837,1
13.55128723684565,1
0.33175657855712304,0
10.24186116598562,1
4.529915503958759,0
12.903455808188998,1
3.487328580099829,0
13.81875476204932,1
7.734706926010748,1
18.73459977473469,1
2.750418882919865,0
6.82132702100517,1
2.2694704248117814,0
18.493872365571256,1
17.54678706761962,1
5.158832554303112,0
13.19968092068358,1
16.344444004024318,1
11.104016231989247,1
10.59301156712013,1
4.837045818009034,0
1.8620553561179842,0
17.944315159066534,1
18.008361143266608,1
12.66202914546536,1
6.780595820974014,0
6.984191492253218,1
14.519113577404788,1
17.942205199051543,1
17.741728485302346,1
15.597510917152476,1
12.840632923085755,1
1.6827992999009767,0
3.2325742818922754,0
17.971083770541586,1
12.128581193191799,1
0.18394103233259296,0
2.029430857320642,0
13.270035382161115,1
0.10123167692437374,0
3.216161028349973,0
10.974675787331723,1
13.837903953853864,1
13.039225190052012,1
4.485386189211196,0
14.243584426950717,1
4.744981749936001,0
6.5079939631853545,0
14.929828102360483,1
12.992657980944294,1
16.98446820988356,1
13.152257846006867,1
11.366172066709431,1
1.8734953565618495,0
7.354316061188671,1
5.304047353634509,0
4.8797928675816715,0
19.460211095048912,1
7.861954493335208,1
17.840931103542268,1
12.622772519945258,1
15.896226070832968,1
10.052741862103842,1
11.538077692527182,1
9.850353876377278,1
3.90485975596089,0
14.449042305230106,1
5.615447248817116,0
0.4863193286290768,0
12.909445918143357,1
3.542213588140979,0
18.809171687058285,1
19.078571540051747,1
18.29728780440897,1
7.4031740051088875,1
0.30913233057734857,0
18.566371251754507,1
8.563682966346287,1
19.333096380873393,1
19.272399541785056,1
17.060189109347203,1
5.888977841391714,0
7.701954572038505,1
17.022733430337137,1
6.338440103125553,0
3.3898549337218498,0
11.136025249167004,1
18.72309548321562,1
13.92059593349946,1
11.401223401787298,1
1.9435298754153707,0
12.300144533983396,1
19.801077002085265,1
2.8016803047304806,0
10.366593047274735,1
17.547461438559107,1
14.815372355084088,1
13.94031481990536,1
14.049681679742186,1
7.189823024395103,1
5.871836885289867,0
16.187223109570272,1
16.202267893583617,1
17.341446371602075,1
18.264811051129428,1
10.226847977218757,1
10.030325893743992,1
15.965903579335503,1
12.999278615555303,1
14.039337545154067,1
15.91585338872202,1
17.800106836351326,1
6.759903137030716,0
7.51165905279888,1
1.87963879681738,0
11.56560281992348,1
0.7188454759348417,0
9.311960362649202,1
10.852892694151532,1
5.730825042565688,0
11.816665211380215,1
0.6100049987809886,0
0.7469637749842883,0
16.452011213193167,1
7.203812828225258,1
2.5412102530376957,0
10.444865201096087,1
15.399871061972217,1
4.316420549936863,0
12.457809516380005,1
1.70694929987536,0
1.033634423372154,0
10.62709263136296,1
10.81270243220213,1
12.748598029964132,1
14.52182667445323,1
19.51704158925069,1
10.326006966023906,1
6.459129458824919,0
15.903723895374073,1
5.416645025241484,0
8.779428414112722,1
1.5691276268453191,0
0.5070148683091502,0
19.252968293558503,1
16.719602410244118,1
13.91948412187396,1
8.179058888285397,1
3.4658864014169155,0
3.128740853421721,0
5.004857963291906,0
10.984533294122409,1
14.291918454001246,1
13.203947534354626,1
5.598677938918857,0
19.09730561326388,1
14.75793833391537,1
11.087081050228013,1
12.234414924687044,1
8.392001248555799,1
4.954619790023149,0
7.119453573025232,1
15.156922209287382,1
0.28786977259511737,0
2.3214528101383247,0
0.920052840435055,0
0.8145760463794027,0
17.109211680220145,1
14.073157187600474,1
9.483476581746505,1
1.9566832130200296,0
9.832317502336647,1
9.469435415611313,1
3.4640373982003037,0
8.67703298475946,1
7.970094687947469,1
12.31700196104433,1
12.701873017352876,1
0.9060801954408904,0
7.492252292529424,1
12.517198314284727,1
10.062725171601754,1
17.129796823766444,1
13.1738726323789,1
3.258688541628594,0
1.4113749480085969,0
12.848385564126312,1
0.5302262108324363,0
11.715511625469265,1
18.80460482849915,1
11.50948355751758,1
7.763398524130438,1
12.865764368847064,1
9.165057809830333,1
10.9123357863187,1
18.8292961755305,1
7.722052756015485,1
19.223811276478283,1
18.107012839121275,1
3.915822695785929,0
1.387226017503309,0
2.015560027548533,0
0.36443651303099456,0
1.888859215118568,0
13.660135468327137,1
1.4237729692045797,0
6.379512605875226,0
16.89750621938909,1
0.4654387147165173,0
16.289369651778717,1
5.637095495467999,0
2.363296552433125,0
13.934743307283012,1
12.57885693559768,1
17.54944027054106,1
14.701420876077716,1
16.06961860769697,1
5.64069145142613,0
3.5487908755944564,0
15.012295032817168,1
16.13669478534528,1
19.810102840013467,1
8.25235353822853,1
7.440361715855664,1
15.528259214839936,1
6.816070805060357,0
18.615146512071295,1
17.168255036860238,1
8.579880547500366,1
15.017421355829947,1
15.090857481693646,1
2.062477376718652,0
18.051058133591333,1
10.105047448957142,1
16.529149322154833,1
6.400992020612235,0
17.91046456992401,1
7.784033574683262,1
0.2167530296059672,0
18.107639528385274,1
1.8257335357226712,0
6.386272751808297,0
19.0012393410161,1
19.012142938751122,1
11.468757762465723,1
12.636744243395984,1
8.968910439566395,1
5.864215433961291,0
6.573290907398319,0
13.450369121540769,1
15.0474905887536,1
15.83158087451697,1
15.792362855891078,1
1.8241220609738074,0
9.888406094051629,1
1.1511752003328857,0
10.99057764647471,1
8.83061002746754,1
17.754083655165996,1
7.018300251041573,1
2.3413403285521173,0
2.859833641056717,0
15.230212634349446,1
12.364361266325222,1
2.022453522455805,0
1.6821361222999487,0
14.019382629182399,1
1.4552601272838706,0
16.437201185807126,1
14.124844543129925,1
1.6269756128379953,0
1.6967542817038384,0
19.732791570023508,1
7.485415915122406,1
7.412842941337818,1
16.25599134515005,1
18.944971547677174,1
19.720021276457416,1
15.067563705178832,1
7.525191710618316,1
1.6700143339733753,0
15.542938318548735,1
11.1680849947161,1
8.484440184939526,1
18.12708770189472,1
2.223949646123027,0
9.852502085817182,1
0.22707289534838138,0
9.373212839882525,1
1.126065513636747,0
2.3763583253614384,0
2.3505249355420976,0
12.984206042321272,1
14.920897585308467,1
11.667375301943192,1
19.243450969490837,1
7.497411590474082,1
5.714241725637215,0
17.371982563789206,1
4.471916770389052,0
19.264450788812226,1
0.24308949379632683,0
19.39757653415278,1
0.8631982390115223,0
17.822862273961423,1
10.554022181725998,1
19.859295922386007,1
1.4759312947079772,0
11.077085688026415,1
19.38605071238198,1
10.461956883402976,1
12.58797276270525,1
13.914973779692343,1
9.090821295355465,1
12.551161601681269,1
11.686286238462005,1
18.02316020981978,1
0.9089276068291574,0
5.619263791844606,0
19.008229681531176,1
17.805275677818326,1
9.11313505571426,1
12.402651956030734,1
5.547623659622653,0
3.762423194475226,0
9.273968098799642,1
7.067044560521056,1
11.673122237017441,1
1.5546927392996968,0
19.48789615332333,1
19.72421488959206,1
13.963234280394904,1
10.721927326882408,1
6.190552325726555,0
16.275900394138972,1
13.694623451077586,1
3.252338786897826,0
18.21854368987685,1
16.45074485846338,1
18.99599826583848,1
14.5143901677672,1
12.268303918715798,1
8.364860725812377,1
18.654569667080267,1
17.321277790008168,1
0.9043734021237881,0
0.5273394899450401,0
7.5292673375609915,1
16.211066615636657,1
19.74552258629889,1
3.0083378220705637,0
11.882614307042703,1
7.617817132620431,1
19.398287956292066,1
16.842378462714173,1
16.766574094222758,1
9.373863195899405,1
8.296390046753304,1
5.468141438614125,0
1.1275099330185423,0
17.294447525101063,1
16.258020182601552,1
19.99435346572261,1
19.93273674147811,1
11.108634112052549,1
15.37974830361021,1
18.89531459764856,1
16.99294781354823,1
4.946962034863953,0
9.01088270620187,1
2.5831883030298997,0
19.081020545174447,1
12.123492689017601,1
4.572856110069255,0
13.434013688117135,1
12.362564809157917,1
7.1632543606568095,1
2.2711518439925804,0
13.431463911855992,1
10.406154018075867,1
15.446367834712786,1
10.403270022239868,1
17.0436300063708,1
11.038136775489711,1
11.218759430707726,1
17.5330720531669,1
8.069657324247942,1
2.6803045690128147,0
0.5756535262667795,0
15.10274511347238,1
12.406191027069294,1
14.081595361984471,1
4.259283230178214,0
2.7274295117353953,0
0.29089331335763857,0
7.0117511761319395,1
11.798353737092661,1
7.844880901994646,1
8.749498440474582,1
18.083173889874967,1
6.965109340466007,0
10.279789783196216,1
15.673060254822861,1
7.930855646425403,1
12.44173400455747,1
17.247274174934905,1
18.990412473152844,1
2.9414696185807587,0
18.53175250322989,1
9.842325861590764,1
5.1648877659791665,0
9.182715124765226,1
19.600651505709543,1
9.852361879857392,1
6.575032205750164,0
12.668017086334515,1
4.802912375563862,0
1.5172665621732784,0
2.5775944382129845,0
2.560916779155449,0
3.038053870245887,0
2.7765434529882027,0
12.817494896064293,1
3.6376016879828965,0
6.913345666477264,0
17.935768198120236,1
9.479232805257446,1
13.351154770420543,1
3.4463974240325967,0
3.8457803761734155,0
0.8173723253295773,0
3.378701261443291,0
5.5718067806391725,0
3.5402096855349363,0
1.7740506751411123,0
2.412717422012016,0
9.215575360654515,1
4.12667436811585,0
7.285397220961509,1
10.068345417097138,1
13.807896572587307,1
0.7862427968219787,0
15.988207978180853,1
12.558007789818156,1
1.6351806389774382,0
17.471572482135546,1
18.417448010636264,1
1.221559197097275,0
5.5375529629440745,0
16.124025595861227,1
14.965193807673167,1
3.6904203871275465,0
4.186986466734206,0
7.40944205582764,1
9.690459703820427,1
12.365095430605919,1
7.378272791395448,1
9.250694322662959,1
14.94941876267513,1
0.733664057811958,0
5.048738886880415,0
14.266991717691049,1
17.904136753743987,1
10.233548842313322,1
10.642269705306314,1
2.143440226795521,0
8.948247336469093,1
10.652345329100463,1
4.849410072694593,0
5.384864618987619,0
7.545683262092453,1
0.40142395555452737,0
6.441583311663566,0
4.2289601399308925,0
6.5499470435582925,0
2.3952426363850243,0
17.8105456147979,1
11.871849071080973,1
13.582046382889793,1
15.783424772146766,1
9.968843978581145,1
1.7384057617484738,0
10.742130836370956,1
11.736822360417582,1
14.9087894836866,1
8.633190924593588,1
2.551606055911275,0
5.675518115974489,0
7.261645927972702,1
12.918344826632024,1
11.415566093378239,1
7.121934517956925,1
19.730304975859593,1
12.115496387137743,1
4.74453583471989,0
2.035649452408075,0
3.0571827836866405,0
4.919154567690162,0
3.2136274651911134,0
3.7313404810261153,0
5.701903373876942,0
3.4674719058950965,0
17.935308492528502,1
1.6046749132328442,0
10.490227791405093,1
8.20793653979323,1
19.64757233817213,1
2.240778043361047,0
7.957111980914833,1
19.38940866550738,1
17.310142517879605,1
16.3414414189856,1
5.158056540898796,0
3.4177517478013164,0
13.37286439848862,1
18.587519782551716,1
11.135257860278596,1
11.432253789397997,1
5.5995818732056835,0
15.389858663838737,1
3.7408749711504674,0
6.473584728084873,0
8.508728772328336,1
10.1522075736891,1
4.848194648301605,0
2.2967364947840707,0
12.212400848832651,1
5.772611064805115,0
11.624764428452245,1
3.0872543054840462,0
9.62280203709635,1
10.651788651031717,1
1.0364707364485382,0
6.732085563878412,0
2.688293538779485,0
1.2674994094553549,0
19.799204647798906,1
6.447076899494459,0
16.1974889170927,1
5.092813095275277,0
13.630054444478585,1
15.204557197793731,1
11.912774812156886,1
9.431523771003167,1
8.236818282945372,1
6.9773653308599055,0
18.59058288495652,1
16.612388155754584,1
19.300538213330253,1
2.4859444697108946,0
14.617349504072886,1
18.766809136420758,1
3.624661323313203,0
1.32992534733555,0
14.822412985801181,1
11.489462263598238,1
16.83657553516544,1
2.79544753252579,0
15.905346237197804,1
4.032546400954891,0
3.27311885731409,0
3.285315958619859,0
16.29149440462764,1
13.303944413924002,1
10.461308495382386,1
7.176609682470049,0
17.544010816262166,1
7.848902148452708,1
16.33198878943154,1
8.782698171404368,1
7.538888588498152,1
9.253595713392128,1
6.027557483282841,0
14.952187603525022,1
10.054407801849583,1
4.644253902936346,0
17.991491465491368,1
7.677824427464229,1
10.871057222279772,1
18.12944221929094,1
12.484759918279842,1
2.3379608141672814,0
18.796642472269504,1
12.554161061428356,1
6.6981122931417225,0
2.785441453267745,0
15.880503785405919,1
12.40145511857027,1
10.66922183952643,1
17.877851661019154,1
15.771944224490614,1
3.0334975946550236,0
6.234441355910965,0
4.969782796289315,0
14.87892585145354,1
0.6706486947155876,0
11.39779369742633,1
15.24917371481381,1
17.53531273523499,1
6.841634974318149,0
16.425146093440258,1
2.2126347391041445,0
16.929045834690363,1
2.5497732466396483,0
7.945745811207345,1
15.945907315591072,1
2.9983485469754756,0
4.585027904652829,0
14.445051367861325,1
14.400730730921488,1
12.822952657705946,1
13.878968889342001,1
10.854488866951923,1
5.035981178139055,0
6.913919870078389,1
3.6319543360285134,0
18.169011226672566,1
11.667835895322408,1
8.017028335272798,1
9.240116072882653,1
18.945666792236306,1
3.067028062321604,0
11.724596640335944,1
10.11777357768932,1
12.229084708692957,1
0.36220367641681017,0
17.44247817888303,1
18.642365649672247,1
11.30266367178418,1
13.933016477537844,1
18.449987623545915,1
14.144772686267972,1
3.050780858285227,0
11.525767203336263,1
12.134300927657119,1
8.48261342604772,1
14.728884712494457,1
18.687340295380295,1
18.51137025813553,1
9.016787428082642,1
2.264760916815105,0
19.69682397924669,1
16.777961728918683,1
2.493253624065337,0
18.416837652347446,1
17.397927241242567,1
10.376761142521442,1
11.825508714898586,1
7.980054077402605,1
1.0952327764406267,0
6.703944832918019,0
16.057068971960227,1
0.09264046009205718,0
6.669983433822884,0
7.963373871818867,1
10.747912058758457,1
18.39711232825521,1
6.926919887319225,0
6.939064037924554,1
14.750024962194967,1
9.044358817796143,1
4.492096458799639,0
9.048790322653868,1
2.817140407595997,0
3.527739730124466,0
9.967355454789594,1
8.378508990090959,1
18.296918021362,1
7.247877982332662,1
11.61176700556087,1
12.645285758390607,1
0.2618891317666727,0
13.270747440334212,1
3.5607193373950285,0
19.221406349389103,1
2.973254555062259,0
8.292482474540474,1
1.7069933615728772,0
19.937485036918947,1
10.043900206624851,1
11.907700346400876,1
1.3415295477685496,0
14.999209407983557,1
4.198111861911715,0
17.961085788814273,1
4.102792809640143,0
3.8137544132733314,0
0.7309933569618976,0
9.441338902199984,1
11.296822665252328,1
1.3141727885670473,0
15.510552333900211,1
9.065776694960553,1
10.487805386551601,1
8.815254938764562,1
8.01526121750652,1
11.192806626164359,1
3.10480491861425,0
3.6385626099054225,0
17.235712420270346,1
18.922309242672654,1
7.466186325595059,1
5.414893462871076,0
12.879990864780314,1
8.174683421961928,1
0.5077271132068972,0
3.123051947323807,0
14.319444576947951,1
13.178478838203027,1
0.5419198500696698,0
4.439443238658988,0
4.621495931761428,0
13.437854871974569,1
0.3942107550872831,0
2.082171639691477,0
15.998321707463788,1
3.5708932410866723,0
13.054922157037494,1
4.76365562093453,0
1.9888278551869032,0
4.863443819989081,0
14.445338637113183,1
17.113929362125717,1
16.604397291339833,1
7.943670592369097,1
13.361702731412922,1
4.099685908316419,0
5.862954605220265,0
17.926716370422394,1
0.2600384702147207,0
1.7101706170893616,0
4.157725102920546,0
0.5306440774763943,0
3.6287087017959463,0
11.660831219393843,1
8.428491011849959,1
17.853434221539498,1
16.34887123476882,1
6.836347033957519,0
5.18846866862585,0
7.5938481633453385,1
11.805898850296154,1
5.361272816457525,0
12.48297815698268,1
8.188233043824809,1
11.040943617039606,1
8.722530582706334,1
5.889315190838353,0
18.969066139243132,1
15.272115883195216,1
2.802263515329051,0
17.369359517958255,1
9.748623964990273,1
17.89104453788183,1
15.997105118946305,1
8.504270089384669,1
0.44938616640234796,0
5.373547187698922,0
10.832684293217339,1
12.669564396522945,1
5.157753708664046,0
2.7871214814564826,0
16.69860473598598,1
19.68804361407104,1
10.513803646053717,1
3.43358571696607,0
5.446146530387379,0
0.36781353094933467,0
18.28597613120998,1
2.3550216578028227,0
11.530329510285071,1
5.48110441374412,0
11.083560050315867,1
13.028407767037285,1
16.594836074144034,1
4.128425435212064,0
0.21991657316960955,0
2.7377126013761455,0
18.0003728369621,1
17.477801551250305,1
11.948262043406165,1
12.010337208673068,1
13.30073349092511,1
3.507425572468992,0
18.288238918499196,1
8.375410497841463,1
7.662770564989949,1
10.37835410565675,1
0.9393193355011009,0
3.325667375121588,0
14.76067232852741,1
1.6559733585025294,0
12.063042189327764,1
4.906982193626419,0
7.785912280839531,1
5.773874735413997,0
7.113454329298983,1
14.380918103684909,1
5.942434312463501,0
11.328092805937944,1
9.521008043981993,1
13.273423307252962,1
18.73659478649516,1
14.651441944205006,1
4.298807571815136,0
0.6236627012256934,0
5.245280885996502,0
11.901558614005097,1
1.028516269685007,0
9.927324944024727,1
11.936856978337785,1
6.684877816339217,0
15.418244074916439,1
2.131965062675436,0
1.5027556347161752,0
14.563775124072066,1
9.90982632412397,1
13.76804792855472,1
8.696546772074925,1
4.928040664782136,0
16.382046353483993,1
15.988317579379585,1
13.893929417088536,1
5.4429027445992535,0
11.804613337381742,1
7.2194779388005355,1
1.831641466532683,0
18.346271509244858,1
2.736372618379228,0
19.00474707641605,1
8.920115459159115,1
